{"loss": [1.3905962705612183, 0.45814552903175354, 0.278876930475235, 0.19134314358234406, 0.14194898307323456, 0.10876283049583435, 0.09331674873828888, 0.07969310134649277, 0.06464827805757523, 0.05671621486544609], "accuracy": [0.5938771367073059, 0.8554499745368958, 0.9110023379325867, 0.9382593035697937, 0.9532250165939331, 0.9641505479812622, 0.9687597751617432, 0.9732409715652466, 0.9785045385360718, 0.981634259223938], "val_loss": [0.5526487231254578, 0.3198050260543823, 0.27468517422676086, 0.20258459448814392, 0.12236382067203522, 0.15993711352348328, 0.14119070768356323, 0.12573421001434326, 0.13848309218883514, 0.13618960976600647], "val_accuracy": [0.8278745412826538, 0.9000580906867981, 0.9092334508895874, 0.9362950325012207, 0.9605690836906433, 0.9508129954338074, 0.9572009444236755, 0.9617885947227478, 0.9585365653038025, 0.9591753482818604]}